<configuration>

    <appender name="FILE" class="ch.qos.logback.core.FileAppender">
        <file>./logs/monitoring.log</file>

        <encoder class="net.logstash.logback.encoder.LogstashEncoder"/>
    </appender>

    <appender name="STDOUT" class="ch.qos.logback.core.ConsoleAppender">
        <encoder>
            <pattern>%date %level [%thread] %logger{10} [%file:%line] %msg%n</pattern>
        </encoder>
    </appender>

    <root level="debug">
        <appender-ref ref="FILE" />
        <appender-ref ref="STDOUT" />
    </root>
</configuration>
